[
  { "code": "ad", "names": "Andorra" },
  { "code": "ae", "names": "UAE, United Arab Emirates" },
  { "code": "af", "names": "Afghanistan" },
  { "code": "ag", "names": "Antigua and Barbuda" },
  { "code": "ai", "names": "Anguilla" },
  { "code": "aq", "names": "Antarctica" },
  { "code": "al", "names": "Albania" },
  { "code": "am", "names": "Armenia" },
  { "code": "ao", "names": "Angola" },
  { "code": "ar", "names": "Argentina" },
  { "code": "as", "names": "American Samoa" },
  { "code": "at", "names": "Austria" },
  { "code": "au", "names": "Australia" },
  { "code": "aw", "names": "Aruba" },
  { "code": "ax", "names": "Aland Islands" },
  { "code": "az", "names": "Azerbaijan" },
  { "code": "ba", "names": "Bosnia and Herzegovina" },
  { "code": "bb", "names": "Barbados" },
  { "code": "bd", "names": "Bangladesh" },
  { "code": "be", "names": "Belgium" },
  { "code": "bf", "names": "Burkina Faso" },
  { "code": "bg", "names": "Bulgaria" },
  { "code": "bh", "names": "Bahrain" },
  { "code": "bi", "names": "Burundi" },
  { "code": "bj", "names": "Benin" },
  { "code": "bl", "names": "Saint Barthelemy" },
  { "code": "bm", "names": "Bermuda" },
  { "code": "bn", "names": "Brunei" },
  { "code": "bo", "names": "Bolivia" },
  { "code": "br", "names": "Brazil" },
  { "code": "bs", "names": "Bahamas" },
  { "code": "bt", "names": "Bhutan" },
  { "code": "bv", "names": "Bouvet Island" },
  { "code": "bw", "names": "Botswana" },
  { "code": "by", "names": "Belarus" },
  { "code": "bz", "names": "Belize" },
  { "code": "ca", "names": "Canada" },
  { "code": "cc", "names": "Cocos (Keeling) Islands" },
  { "code": "cg", "names": "Congo" },
  { "code": "cd", "names": "Democratic Republic of the Congo" },
  { "code": "cf", "names": "Central African Republic" },
  { "code": "ch", "names": "Switzerland" },
  { "code": "ci", "names": "Cote d'Ivoire, Ivory Coast" },
  { "code": "ck", "names": "Cook Islands" },
  { "code": "cl", "names": "Chile" },
  { "code": "cm", "names": "Cameroon" },
  { "code": "cn", "names": "China" },
  { "code": "co", "names": "Colombia" },
  { "code": "cr", "names": "Costa Rica" },
  { "code": "cu", "names": "Cuba" },
  { "code": "cv", "names": "Cape Verde" },
  { "code": "cw", "names": "Curaçao" },
  { "code": "cx", "names": "Christmas Island" },
  { "code": "cy", "names": "Cyprus" },
  { "code": "cz", "names": "Czech Republic, Czechia" },
  { "code": "de", "names": "Germany" },
  { "code": "dj", "names": "Djibouti" },
  { "code": "dk", "names": "Denmark" },
  { "code": "dm", "names": "Dominica" },
  { "code": "do", "names": "Dominican Republic" },
  { "code": "dz", "names": "Algeria" },
  { "code": "ec", "names": "Ecuador" },
  { "code": "ee", "names": "Estonia" },
  { "code": "eg", "names": "Egypt" },
  { "code": "eh", "names": "Western Sahara" },
  { "code": "er", "names": "Eritrea" },
  { "code": "es", "names": "Spain" },
  { "code": "et", "names": "Ethiopia" },
  { "code": "eu", "names": "Europe" },
  { "code": "fi", "names": "Finland" },
  { "code": "fj", "names": "Fiji" },
  { "code": "fk", "names": "Falkland Islands (Malvinas)" },
  { "code": "fm", "names": "Micronesia" },
  { "code": "fo", "names": "Faroe Islands" },
  { "code": "fr", "names": "France" },
  { "code": "ga", "names": "Gabon" },
  { "code": "gb", "names": "UK, Great Britain, United Kingdom" },
  { "code": "gbeng", "names": "England" },
  { "code": "gbsct", "names": "Scotland" },
  { "code": "gbwls", "names": "Wales" },
  { "code": "gd", "names": "Grenada" },
  { "code": "ge", "names": "Georgia" },
  { "code": "gf", "names": "French Guiana" },
  { "code": "gg", "names": "Guernsey" },
  { "code": "gh", "names": "Ghana" },
  { "code": "gi", "names": "Gibraltar" },
  { "code": "gl", "names": "Greenland" },
  { "code": "gm", "names": "Gambia" },
  { "code": "gn", "names": "Guinea" },
  { "code": "gp", "names": "Guadeloupe" },
  { "code": "gq", "names": "Equatorial Guinea" },
  { "code": "gr", "names": "Greece" },
  { "code": "gs", "names": "South Georgia and the South Sandwich Islands" },
  { "code": "gt", "names": "Guatemala" },
  { "code": "gu", "names": "Guam" },
  { "code": "gw", "names": "Guinea-Bissau" },
  { "code": "gy", "names": "Guyana" },
  { "code": "hk", "names": "Hong Kong" },
  { "code": "hm", "names": "Heard Island and McDonald Islands" },
  { "code": "hn", "names": "Honduras" },
  { "code": "hr", "names": "Croatia" },
  { "code": "ht", "names": "Haiti" },
  { "code": "hu", "names": "Hungary" },
  { "code": "id", "names": "Indonesia" },
  { "code": "ie", "names": "Ireland" },
  { "code": "il", "names": "Israel" },
  { "code": "im", "names": "Isle of Man" },
  { "code": "in", "names": "India" },
  { "code": "io", "names": "British Indian Ocean Territory" },
  { "code": "iq", "names": "Iraq" },
  { "code": "ir", "names": "Iran" },
  { "code": "is", "names": "Iceland" },
  { "code": "it", "names": "Italy" },
  { "code": "je", "names": "Jersey" },
  { "code": "jm", "names": "Jamaica" },
  { "code": "jo", "names": "Jordan" },
  { "code": "jp", "names": "Japan" },
  { "code": "ke", "names": "Kenya" },
  { "code": "kg", "names": "Kyrgyzstan" },
  { "code": "kh", "names": "Cambodia" },
  { "code": "ki", "names": "Kiribati" },
  { "code": "km", "names": "Comoros" },
  { "code": "kn", "names": "Saint Kitts and Nevis" },
  { "code": "kp", "names": "North Korea, DPRK" },
  { "code": "kr", "names": "Korea, South Korea, ROK" },
  { "code": "kw", "names": "Kuwait" },
  { "code": "ky", "names": "Cayman Islands" },
  { "code": "kz", "names": "Kazakhstan" },
  { "code": "la", "names": "Laos" },
  { "code": "lb", "names": "Lebanon" },
  { "code": "lc", "names": "Saint Lucia, St Lucia" },
  { "code": "li", "names": "Liechtenstein" },
  { "code": "lk", "names": "Sri Lanka" },
  { "code": "lr", "names": "Liberia" },
  { "code": "ls", "names": "Lesotho" },
  { "code": "lt", "names": "Lithuania" },
  { "code": "lu", "names": "Luxembourg" },
  { "code": "lv", "names": "Latvia" },
  { "code": "ly", "names": "Libya" },
  { "code": "ma", "names": "Morocco" },
  { "code": "mc", "names": "Monaco" },
  { "code": "md", "names": "Moldova, Moldavia" },
  { "code": "me", "names": "Montenegro" },
  { "code": "mf", "names": "Saint Martin, St Martin" },
  { "code": "mg", "names": "Madagascar" },
  { "code": "mh", "names": "Marshall Islands" },
  { "code": "mk", "names": "North Macedonia" },
  { "code": "ml", "names": "Mali" },
  { "code": "mm", "names": "Myanmar" },
  { "code": "mn", "names": "Mongolia" },
  { "code": "mo", "names": "Macao, Macau" },
  { "code": "mp", "names": "Northern Mariana Islands" },
  { "code": "mq", "names": "Martinique" },
  { "code": "mr", "names": "Mauritania" },
  { "code": "ms", "names": "Montserrat" },
  { "code": "mt", "names": "Malta" },
  { "code": "mu", "names": "Mauritius" },
  { "code": "mv", "names": "Maldives" },
  { "code": "mw", "names": "Malawi" },
  { "code": "mx", "names": "Mexico" },
  { "code": "my", "names": "Malaysia" },
  { "code": "mz", "names": "Mozambique" },
  { "code": "na", "names": "Namibia" },
  { "code": "nc", "names": "New Caledonia" },
  { "code": "ne", "names": "Niger" },
  { "code": "nf", "names": "Norfolk Island" },
  { "code": "ng", "names": "Nigeria" },
  { "code": "ni", "names": "Nicaragua" },
  { "code": "nl", "names": "Netherlands" },
  { "code": "no", "names": "Norway" },
  { "code": "np", "names": "Nepal" },
  { "code": "nr", "names": "Nauru" },
  { "code": "nu", "names": "Niue" },
  { "code": "nz", "names": "New Zealand" },
  { "code": "om", "names": "Oman" },
  { "code": "pa", "names": "Panama" },
  { "code": "pe", "names": "Peru" },
  { "code": "pf", "names": "French Polynesia" },
  { "code": "pg", "names": "Papua New Guinea" },
  { "code": "ph", "names": "Philippines" },
  { "code": "pk", "names": "Pakistan" },
  { "code": "pl", "names": "Poland" },
  { "code": "pm", "names": "Saint Pierre and Miquelon, St Pierre and Miquelon" },
  { "code": "pn", "names": "Pitcairn" },
  { "code": "pr", "names": "Puerto Rico" },
  { "code": "ps", "names": "Palestine" },
  { "code": "pt", "names": "Portugal" },
  { "code": "pw", "names": "Palau" },
  { "code": "py", "names": "Paraguay" },
  { "code": "qa", "names": "Qatar" },
  { "code": "re", "names": "Reunion" },
  { "code": "ro", "names": "Romania" },
  { "code": "rs", "names": "Serbia" },
  { "code": "ru", "names": "Russia" },
  { "code": "rw", "names": "Rwanda" },
  { "code": "sa", "names": "Saudi Arabia" },
  { "code": "sb", "names": "Solomon Islands" },
  { "code": "sc", "names": "Seychelles" },
  { "code": "sd", "names": "Sudan" },
  { "code": "se", "names": "Sweden" },
  { "code": "sg", "names": "Singapore" },
  { "code": "sh", "names": "Saint Helena, Ascension and Tristan da Cunha" },
  { "code": "si", "names": "Slovenia" },
  { "code": "sj", "names": "Svalbard" },
  { "code": "sk", "names": "Slovakia" },
  { "code": "sl", "names": "Sierra Leone" },
  { "code": "sm", "names": "San Marino" },
  { "code": "sn", "names": "Senegal" },
  { "code": "so", "names": "Somalia" },
  { "code": "sr", "names": "Suriname" },
  { "code": "ss", "names": "South Sudan" },
  { "code": "st", "names": "Sao Tome and Principe" },
  { "code": "sv", "names": "El Salvador" },
  { "code": "sx", "names": "Sint Maarten" },
  { "code": "sy", "names": "Syria" },
  { "code": "sz", "names": "Swaziland, eSwatini" },
  { "code": "tb", "names": "Tibet" },
  { "code": "tc", "names": "Turks and Caicos Islands" },
  { "code": "td", "names": "Chad" },
  { "code": "tf", "names": "French Southern Territories" },
  { "code": "tg", "names": "Togo" },
  { "code": "th", "names": "Thailand" },
  { "code": "tj", "names": "Tajikistan" },
  { "code": "tk", "names": "Tokelau" },
  { "code": "tl", "names": "Timor-Leste" },
  { "code": "tm", "names": "Turkmenistan" },
  { "code": "tn", "names": "Tunisia" },
  { "code": "to", "names": "Tonga" },
  { "code": "tr", "names": "Turkey" },
  { "code": "tt", "names": "Trinidad and Tobago" },
  { "code": "tv", "names": "Tuvalu" },
  { "code": "tw", "names": "Taiwan" },
  { "code": "tz", "names": "Tanzania" },
  { "code": "ua", "names": "Ukraine" },
  { "code": "ug", "names": "Uganda" },
  { "code": "us", "names": "US, USA, United States" },
  { "code": "uy", "names": "Uruguay" },
  { "code": "uz", "names": "Uzbekistan" },
  { "code": "va", "names": "Vatican, Vatican City, Holy See" },
  { "code": "vc", "names": "Saint Vincent and the Grenadines" },
  { "code": "ve", "names": "Venezuela" },
  { "code": "vg", "names": "British Virgin Islands" },
  { "code": "vi", "names": "US Virgin Islands" },
  { "code": "vn", "names": "Viet Nam, Vietnam" },
  { "code": "vu", "names": "Vanuatu" },
  { "code": "wf", "names": "Wallis and Futuna" },
  { "code": "ws", "names": "Samoa" },
  { "code": "ye", "names": "Yemen" },
  { "code": "yt", "names": "Mayotte" },
  { "code": "za", "names": "South Africa" },
  { "code": "zm", "names": "Zambia" },
  { "code": "zw", "names": "Zimbabwe" },
  { "code": "xk", "names": "Kosovo" }
]
